FILENAME,MJD,BAND,FIELD_NO_S,FLUXCAL_NO_S,FLUXCALERR_NO_S,PHOTFLAG_NO_S,GAIN_NO_S,ZPT_NO_S,PSF_NO_S,SKY_SIG_NO_S,SIM_MAGOBS_NO_S,FIELD_PLUS_S,FLUXCAL_PLUS_S,FLUXCALERR_PLUS_S,PHOTFLAG_PLUS_S,GAIN_PLUS_S,ZPT_PLUS_S,PSF_PLUS_S,SKY_SIG_PLUS_S,SIM_MAGOBS_PLUS_S
SN000004,61877.0484,LSST-i,DDF,58.4904,2.0468,4096,1.0,34.89,3.01,172.0,23.0603,DDF,61.7124,2.0476,4096,1.0,34.89,3.01,172.0,23.0168
SN000004,61877.0674,LSST-Y,DDF,62.6431,8.8785,0,1.0,33.36,2.86,193.0,23.0438,DDF,53.0215,8.8761,0,1.0,33.36,2.86,193.0,23.0016
SN000004,61877.0776,LSST-z,DDF,67.4707,2.9776,4096,1.0,34.77,2.72,248.7,22.9793,DDF,66.6553,2.9775,4096,1.0,34.77,2.72,248.7,22.9533
SN000004,61879.0482,LSST-i,DDF,65.8575,1.1319,4096,1.0,34.91,1.65,173.1,22.9527,DDF,68.6404,1.1333,4096,1.0,34.91,1.65,173.1,22.9133
SN000004,61879.0672,LSST-Y,DDF,63.3496,4.9688,4096,1.0,33.37,1.6,194.1,22.9713,DDF,67.2395,4.9705,4096,1.0,33.37,1.6,194.1,22.9393
SN000004,61879.0773,LSST-z,DDF,69.6459,1.7737,4096,1.0,34.78,1.61,250.3,22.8607,DDF,74.1113,1.7753,4096,1.0,34.78,1.61,250.3,22.8515
SN000004,61883.0997,LSST-i,DDF,73.4872,2.6969,4096,1.0,34.87,3.78,177.5,22.831,DDF,79.0396,2.6981,4096,1.0,34.87,3.78,177.5,22.8006
SN000004,61883.1244,LSST-z,DDF,83.071,3.5382,4096,1.0,34.75,2.98,264.9,22.7407,DDF,80.3738,3.5377,4096,1.0,34.75,2.98,264.9,22.7487
SN000004,61884.0352,LSST-i,DDF,74.2884,1.2845,4096,1.0,34.9,1.86,173.2,22.8191,DDF,76.458,1.2854,4096,1.0,34.9,1.86,173.2,22.791
SN000004,61884.0599,LSST-z,DDF,78.8171,2.1141,4096,1.0,34.78,1.93,249.6,22.7389,DDF,80.4899,2.1146,4096,1.0,34.78,1.93,249.6,22.7471
SN000004,61887.0222,LSST-i,DDF,76.5612,1.3561,4096,1.0,34.9,1.98,172.1,22.8099,DDF,77.8156,1.3567,4096,1.0,34.9,1.98,172.1,22.7901
SN000004,61887.0469,LSST-z,DDF,76.2194,2.0485,4096,1.0,34.78,1.88,248.2,22.7771,DDF,77.5684,2.0489,4096,1.0,34.78,1.88,248.2,22.7783
SN000004,61889.9918,LSST-i,DDF,72.2015,1.3383,4096,1.0,34.9,1.91,176.2,22.8495,DDF,75.3006,1.3396,4096,1.0,34.9,1.91,176.2,22.8392
SN000038,60876.355,LSST-i,DDF,51.4465,1.2607,4096,1.0,34.92,2.01,161.5,23.2273,DDF,48.9525,1.2596,4096,1.0,34.92,2.01,161.5,23.283
SN000038,60876.3797,LSST-z,DDF,58.1705,1.8182,6144,1.0,34.79,1.81,231.0,23.0756,DDF,58.7938,1.8184,6144,1.0,34.79,1.81,231.0,23.1525
SN000038,60886.3158,LSST-i,DDF,47.3778,3.6494,4096,1.0,32.41,1.85,50.22,23.2827,DDF,49.8886,3.6531,4096,1.0,32.41,1.85,50.22,23.3064
SN000039,61027.1635,LSST-r,DDF,384.238,4.406,4096,1.0,31.73,2.0,23.64,21.0343,DDF,375.862,4.3867,4096,1.0,31.73,2.0,23.64,21.0555
SN000039,61027.1875,LSST-i,DDF,341.889,6.0935,6144,1.0,31.66,2.02,35.12,21.1222,DDF,349.32,6.1067,6144,1.0,31.66,2.02,35.12,21.1377
SN000039,61034.0808,LSST-z,DDF,246.818,6.2416,4096,1.0,32.09,1.71,67.24,21.544,DDF,253.225,6.249,4096,1.0,32.09,1.71,67.24,21.5411
SN000011,61357.222,LSST-i,DDF,109.809,2.6126,4096,1.0,34.15,3.01,109.9,22.4314,DDF,105.476,2.6108,4096,1.0,34.15,3.01,109.9,22.4354
SN000011,61357.2317,LSST-r,DDF,113.078,2.0762,4096,1.0,34.22,3.74,74.26,22.363,DDF,114.255,2.0768,4096,1.0,34.22,3.74,74.26,22.3582
SN000011,61357.2472,LSST-z,DDF,102.634,3.2718,6144,1.0,34.04,2.32,162.4,22.5156,DDF,100.291,3.2709,6144,1.0,34.04,2.32,162.4,22.5169
SN000011,61362.2486,LSST-z,DDF,99.7447,7.7581,4096,1.0,31.34,1.56,47.02,22.3463,DDF,117.219,7.7908,4096,1.0,31.34,1.56,47.02,22.3843
SN000011,61362.2725,LSST-Y,DDF,54.5242,17.162,4096,1.0,30.26,1.39,43.93,22.7692,DDF,84.2938,17.23,0,1.0,30.26,1.39,43.93,22.8185
SN000011,61363.2216,LSST-i,DDF,131.169,6.11,4096,1.0,31.68,1.95,39.95,22.2392,DDF,119.664,6.0899,4096,1.0,31.68,1.95,39.95,22.2746
SN000011,61363.2467,LSST-z,DDF,105.87,8.5159,4096,1.0,31.34,1.66,48.65,22.335,DDF,107.836,8.5193,4096,1.0,31.34,1.66,48.65,22.3798
SN000011,61364.2458,LSST-i,DDF,127.052,5.587,4096,1.0,31.68,1.69,41.88,22.2342,DDF,131.176,5.5949,4096,1.0,31.68,1.69,41.88,22.2754
SN000011,61364.2721,LSST-r,DDF,116.49,4.3103,4096,1.0,31.77,1.96,29.66,22.2591,DDF,120.607,4.3196,4096,1.0,31.77,1.96,29.66,22.2854
SN000011,61365.0469,LSST-i,DDF,127.993,2.951,4096,1.0,34.13,2.18,168.5,22.2343,DDF,125.842,2.9502,4096,1.0,34.13,2.18,168.5,22.2802
SN000011,61365.0566,LSST-r,DDF,126.59,2.6489,4096,1.0,34.27,2.3,162.9,22.2639,DDF,119.692,2.6464,4096,1.0,34.27,2.3,162.9,22.2904
SN000011,61365.0657,LSST-Y,DDF,62.0367,9.9872,4096,1.0,32.56,2.05,144.8,22.8008,DDF,81.7411,9.9965,0,1.0,32.56,2.05,144.8,22.8562
SN000011,61365.0765,LSST-z,DDF,119.451,4.0845,4096,1.0,34.02,2.34,197.9,22.3269,DDF,106.642,4.0806,4096,1.0,34.02,2.34,197.9,22.3841
SN000007,61699.1471,LSST-i,DDF,153.236,0.94439,4096,1.0,34.93,1.43,157.9,22.0215,DDF,153.66,0.94463,4096,1.0,34.93,1.43,157.9,22.0248
SN000007,61699.1569,LSST-r,DDF,163.644,0.71212,4096,1.0,35.0,1.52,108.8,21.9589,DDF,172.759,0.71849,4096,1.0,35.0,1.52,108.8,21.9035
SN000007,61699.1662,LSST-Y,DDF,108.029,3.8264,4096,1.0,33.42,1.34,185.0,22.418,DDF,108.924,3.8269,4096,1.0,33.42,1.34,185.0,22.4079
SN000007,61699.1764,LSST-z,DDF,151.958,1.3923,4096,1.0,34.8,1.34,232.0,22.0502,DDF,147.853,1.3905,4096,1.0,34.8,1.34,232.0,22.0694
SN000007,61705.1812,LSST-r,DDF,180.69,3.2951,4096,1.0,31.74,1.54,24.44,21.8713,DDF,181.339,3.2971,4096,1.0,31.74,1.54,24.44,21.8469
SN000007,61708.1229,LSST-i,DDF,178.801,1.1354,4096,1.0,34.92,1.75,156.8,21.8754,DDF,169.003,1.1308,4096,1.0,34.92,1.75,156.8,21.9168
SN000007,61708.1326,LSST-r,DDF,172.502,0.76933,4096,1.0,35.0,1.69,108.1,21.9069,DDF,178.415,0.77317,4096,1.0,35.0,1.69,108.1,21.873
SN000007,61708.1476,LSST-z,DDF,160.61,1.5854,4096,1.0,34.79,1.54,229.9,21.9957,DDF,152.377,1.5822,4096,1.0,34.79,1.54,229.9,22.0664
SN000006,61743.1932,LSST-i,DDF,149.53,0.96695,4096,1.0,34.92,1.46,157.9,22.0794,DDF,135.196,0.95894,4096,1.0,34.92,1.46,157.9,22.1722
SN000006,61743.2123,LSST-r,DDF,157.5,0.71495,4096,1.0,35.0,1.53,109.6,22.0059,DDF,143.62,0.70518,4096,1.0,35.0,1.53,109.6,22.1089
SN000006,61743.2424,LSST-z,DDF,133.567,1.4815,4096,1.0,34.78,1.36,241.4,22.1987,DDF,119.747,1.4758,4096,1.0,34.78,1.36,241.4,22.297
SN000006,61744.0706,LSST-Y,DDF,103.395,3.9415,4096,1.0,33.41,1.35,187.7,22.4889,DDF,86.7599,3.9323,4096,1.0,33.41,1.35,187.7,22.6365
SN000006,61745.195,LSST-z,DDF,140.939,10.333,4096,1.0,31.34,2.05,47.9,22.1241,DDF,110.355,10.289,4096,1.0,31.34,2.05,47.9,22.1962
SN000006,61745.22,LSST-Y,DDF,120.466,20.303,4096,1.0,30.25,1.61,44.26,22.4972,DDF,67.5972,20.199,0,1.0,30.25,1.61,44.26,22.6196
SN000006,61746.1849,LSST-Y,DDF,125.72,17.337,4096,1.0,31.02,2.0,62.05,22.5153,DDF,95.3844,17.302,4096,1.0,31.02,2.0,62.05,22.6172
SN000006,61746.2107,LSST-z,DDF,136.358,7.1187,4096,1.0,32.09,1.93,69.91,22.0977,DDF,126.493,7.1086,4096,1.0,32.09,1.93,69.91,22.1568
SN000006,61752.2084,LSST-i,DDF,176.437,9.2633,4096,1.0,31.71,1.67,73.96,21.8982,DDF,157.182,9.2418,4096,1.0,31.71,1.67,73.96,21.9437
SN000006,61754.1208,LSST-i,DDF,169.971,1.2732,4096,1.0,34.98,1.37,243.2,21.9193,DDF,165.924,1.2716,4096,1.0,34.98,1.37,243.2,21.9533
SN000006,61754.143,LSST-r,DDF,165.071,1.2946,4096,1.0,35.13,1.5,262.2,21.964,DDF,155.758,1.2914,4096,1.0,35.13,1.5,262.2,22.0288
SN000006,61754.16,LSST-Y,DDF,88.3539,3.9629,4096,1.0,33.42,1.31,196.7,22.6554,DDF,96.608,3.9673,4096,1.0,33.42,1.31,196.7,22.6221
SN000006,61754.1915,LSST-z,DDF,148.084,1.756,4096,1.0,34.8,1.4,285.7,22.0731,DDF,149.018,1.7563,4096,1.0,34.8,1.4,285.7,22.0551
SN000006,61755.1885,LSST-z,DDF,148.362,7.3994,4096,1.0,31.35,1.26,55.15,22.0866,DDF,140.406,7.3839,4096,1.0,31.35,1.26,55.15,22.0626
SN000006,61755.2128,LSST-Y,DDF,75.528,18.489,0,1.0,30.23,1.35,47.32,22.6753,DDF,100.697,18.544,0,1.0,30.23,1.35,47.32,22.63
SN000006,61756.1897,LSST-r,DDF,155.712,4.8492,4096,1.0,31.83,1.56,44.31,22.0069,DDF,141.83,4.8226,4096,1.0,31.83,1.56,44.31,22.0564
SN000006,61756.2138,LSST-i,DDF,152.83,5.7671,4096,1.0,31.68,1.52,47.77,21.9548,DDF,182.915,5.8223,4096,1.0,31.68,1.52,47.77,21.9764
SN000012,61385.0846,LSST-i,DDF,192.009,1.2738,4096,1.0,34.91,1.86,166.0,21.8139,DDF,193.339,1.2744,4096,1.0,34.91,1.86,166.0,21.7856
SN000012,61385.0943,LSST-r,DDF,189.399,0.80462,4096,1.0,35.0,1.63,117.1,21.8093,DDF,188.929,0.80433,4096,1.0,35.0,1.63,117.1,21.808
SN000012,61385.1093,LSST-z,DDF,165.118,1.8976,6144,1.0,34.78,1.76,241.3,21.9461,DDF,172.9,1.9001,6144,1.0,34.78,1.76,241.3,21.9281
SN000012,61390.1131,LSST-Y,DDF,104.059,12.042,4096,1.0,31.73,1.81,91.67,22.3466,DDF,127.576,12.062,4096,1.0,31.73,1.81,91.67,22.2884
SN000012,61395.075,LSST-i,DDF,212.162,2.6987,4096,1.0,34.96,2.3,314.2,21.7073,DDF,193.786,2.6951,4096,1.0,34.96,2.3,314.2,21.7777
SN000012,61395.0896,LSST-r,DDF,192.435,2.326,4096,1.0,35.11,2.13,335.4,21.7992,DDF,181.161,2.3239,4096,1.0,35.11,2.13,335.4,21.8525
SN000012,61395.0989,LSST-Y,DDF,103.115,5.9455,4096,1.0,33.38,1.72,217.9,22.4946,DDF,114.982,5.95,4096,1.0,33.38,1.72,217.9,22.4623
SN000012,61395.1113,LSST-z,DDF,168.238,2.5267,4096,1.0,34.8,1.72,339.2,21.9567,DDF,160.724,2.5249,4096,1.0,34.8,1.72,339.2,21.9917
SN000016,60990.1218,LSST-r,DDF,319.322,2.7924,4096,1.0,32.5,1.76,34.39,21.2408,DDF,308.508,2.7729,4096,1.0,32.5,1.76,34.39,21.2366
SN000016,60990.1469,LSST-i,DDF,300.632,4.3932,6144,1.0,32.41,2.06,50.47,21.281,DDF,323.596,4.4215,6144,1.0,32.41,2.06,50.47,21.2165
SN000016,60991.1309,LSST-r,DDF,327.973,2.8009,4096,1.0,32.5,1.75,34.44,21.2314,DDF,320.587,2.7877,4096,1.0,32.5,1.75,34.44,21.2274
SN000016,60991.1548,LSST-i,DDF,317.351,3.8736,4096,1.0,32.41,1.74,50.73,21.259,DDF,335.547,3.8991,4096,1.0,32.41,1.74,50.73,21.1959
SN000016,60997.1428,LSST-r,DDF,301.522,4.1707,4096,1.0,31.73,1.89,24.65,21.2912,DDF,304.682,4.1784,4096,1.0,31.73,1.89,24.65,21.2755
SN000016,60997.1669,LSST-i,DDF,303.083,7.0454,4096,1.0,31.64,2.29,36.56,21.2933,DDF,316.868,7.0669,4096,1.0,31.64,2.29,36.56,21.2561
SN000002,61812.195,LSST-z,DDF,3260.4,21.048,4096,1.0,31.24,2.2,73.97,18.7055,DDF,3088.2,20.917,4096,1.0,31.24,2.2,73.97,18.7767
SN000002,61813.1014,LSST-g,DDF,6360.07,5.6725,6144,1.0,33.58,1.63,137.7,17.9888,DDF,6428.3,5.6947,6144,1.0,33.58,1.63,137.7,17.9773
SN000002,61813.1101,LSST-i,DDF,3664.84,3.8122,4096,1.0,34.17,1.9,178.4,18.5768,DDF,3429.69,3.7454,4096,1.0,34.17,1.9,178.4,18.6638
SN000002,61813.1198,LSST-r,DDF,5776.55,4.2952,4096,1.0,34.29,2.08,191.1,18.0957,DDF,5546.83,4.2434,4096,1.0,34.29,2.08,191.1,18.1329
SN000002,61813.1397,LSST-z,DDF,3285.13,4.9215,4096,1.0,34.0,2.08,215.8,18.7009,DDF,3096.89,4.8732,4096,1.0,34.0,2.08,215.8,18.7671
SN000002,61814.0306,LSST-i,DDF,3652.54,9.8221,4096,1.0,31.68,1.43,40.13,18.5893,DDF,3351.57,9.4905,4096,1.0,31.68,1.43,40.13,18.6863
SN000002,61814.0423,LSST-z,DDF,3289.74,13.672,4096,1.0,31.34,1.78,51.99,18.71,DDF,3103.31,13.473,4096,1.0,31.34,1.78,51.99,18.7713
SN000002,61817.0729,LSST-g,DDF,6294.28,5.4695,4096,1.0,33.35,1.97,33.52,17.9959,DDF,6343.32,5.49,4096,1.0,33.35,1.97,33.52,17.9906
SN000002,61817.0816,LSST-i,DDF,3536.71,3.2748,4096,1.0,34.14,1.85,117.9,18.634,DDF,3218.06,3.1656,4096,1.0,34.14,1.85,117.9,18.7313
SN000002,61817.0913,LSST-r,DDF,6046.41,3.7337,4096,1.0,34.2,1.93,80.0,18.0488,DDF,5852.95,3.6792,4096,1.0,34.2,1.93,80.0,18.0736
SN000002,61817.1112,LSST-z,DDF,2996.37,3.6412,4096,1.0,34.01,1.5,182.0,18.7999,DDF,2895.83,3.6067,4096,1.0,34.01,1.5,182.0,18.8426
SN000002,61819.1058,LSST-i,DDF,3455.95,10.514,4096,1.0,31.62,1.88,38.22,18.649,DDF,3248.86,10.29,4096,1.0,31.62,1.88,38.22,18.7205
SN000002,61822.187,LSST-g,DDF,5870.13,14.928,4096,1.0,31.18,2.92,14.28,18.0809,DDF,5735.08,14.775,4096,1.0,31.18,2.92,14.28,18.0919
SN000002,61823.0243,LSST-i,DDF,3080.08,9.4315,4096,1.0,31.67,1.62,38.71,18.7762,DDF,3083.59,9.4355,4096,1.0,31.67,1.62,38.71,18.7816
SN000002,61823.0355,LSST-z,DDF,2374.4,11.871,4096,1.0,31.33,1.66,48.8,19.0571,DDF,2323.96,11.808,4096,1.0,31.33,1.66,48.8,19.0802
SN000003,61004.0621,LSST-i,DDF,77.0519,6.8263,6144,1.0,31.63,2.22,38.2,22.6506,DDF,83.5349,6.8368,6144,1.0,31.63,2.22,38.2,22.8068
SN000003,61006.0833,LSST-Y,DDF,79.1885,18.372,0,1.0,30.97,1.97,63.97,22.8203,DDF,83.6692,18.377,0,1.0,30.97,1.97,63.97,22.8232
SN000003,61009.1065,LSST-i,DDF,87.8145,4.656,4096,1.0,32.43,1.93,62.41,22.6559,DDF,81.2773,4.6485,4096,1.0,32.43,1.93,62.41,22.7853
SN000003,61009.1306,LSST-z,DDF,91.521,6.0177,4096,1.0,32.1,1.59,72.5,22.5955,DDF,87.7356,6.0131,4096,1.0,32.1,1.59,72.5,22.643
SN000003,61010.1117,LSST-Y,DDF,66.7175,13.292,4096,1.0,31.01,1.46,64.62,22.848,DDF,72.179,13.3,4096,1.0,31.01,1.46,64.62,22.8278
SN000001,61794.0825,LSST-r,DDF,31456.3,25.44,4096,1.0,31.73,1.6,24.38,16.2464,DDF,33120.1,26.096,4096,1.0,31.73,1.6,24.38,16.1995
SN000001,61795.0967,LSST-g,DDF,40535.1,13.451,6144,1.0,33.38,1.59,33.26,15.9683,DDF,42857.3,13.829,6144,1.0,33.38,1.59,33.26,15.9225
SN000001,61795.1033,LSST-i,DDF,26411.4,7.6652,4096,1.0,34.16,1.38,115.6,16.446,DDF,26219.8,7.638,4096,1.0,34.16,1.38,115.6,16.4459
SN000001,61795.113,LSST-r,DDF,35558.6,8.5428,4096,1.0,34.23,1.49,78.62,16.1266,DDF,36300.0,8.6306,4096,1.0,34.23,1.49,78.62,16.096
SN000001,61800.1048,LSST-r,DDF,47067.2,31.428,4096,1.0,31.71,2.02,24.65,15.8219,DDF,46101.0,31.108,4096,1.0,31.71,2.02,24.65,15.8461
SN000001,61800.1287,LSST-g,DDF,52218.1,34.996,4096,1.0,31.58,2.03,14.85,15.7026,DDF,51782.0,34.85,4096,1.0,31.58,2.03,14.85,15.7116
SN000001,61802.0967,LSST-g,DDF,51964.0,15.374,4096,1.0,33.36,1.89,33.42,15.7146,DDF,51085.5,15.244,4096,1.0,33.36,1.89,33.42,15.74
SN000001,61802.1033,LSST-i,DDF,26869.1,7.8627,4096,1.0,34.14,1.73,116.6,16.4202,DDF,27105.4,7.8958,4096,1.0,34.14,1.73,116.6,16.411
SN000001,61802.113,LSST-r,DDF,47131.3,10.001,4096,1.0,34.2,2.13,79.01,15.8115,DDF,46530.6,9.9383,4096,1.0,34.2,2.13,79.01,15.8415
SN000028,60956.0301,LSST-z,DDF,70.5358,13.669,4096,1.0,31.32,1.95,66.32,22.8325,DDF,54.9841,13.652,0,1.0,31.32,1.95,66.32,22.7785
SN000073,61710.1884,LSST-i,DDF,231.783,1.1746,4096,1.0,34.92,1.66,167.8,21.5876,DDF,222.706,1.1705,4096,1.0,34.92,1.66,167.8,21.6313
SN000073,61710.1981,LSST-r,DDF,271.187,0.83498,4096,1.0,35.01,1.56,119.5,21.4195,DDF,255.484,0.82561,4096,1.0,35.01,1.56,119.5,21.4758
SN000073,61710.2131,LSST-z,DDF,201.482,1.6972,6144,1.0,34.79,1.56,241.9,21.7339,DDF,205.621,1.6986,6144,1.0,34.79,1.56,241.9,21.7218
SN000073,61711.1235,LSST-r,DDF,284.69,3.8535,4096,1.0,31.74,1.57,26.94,21.3923,DDF,256.83,3.78,4096,1.0,31.74,1.57,26.94,21.4474
SN000073,61711.1474,LSST-i,DDF,240.479,5.1964,4096,1.0,31.66,1.61,37.73,21.541,DDF,229.953,5.1744,4096,1.0,31.66,1.61,37.73,21.587
SN000073,61712.1033,LSST-i,DDF,243.549,5.4805,4096,1.0,31.65,1.63,39.32,21.501,DDF,229.169,5.4517,4096,1.0,31.65,1.63,39.32,21.5492
SN000073,61718.293,LSST-i,DDF,263.311,1.54,4096,1.0,34.84,1.88,186.1,21.4397,DDF,253.149,1.5362,4096,1.0,34.84,1.88,186.1,21.5029
SN000073,61718.3027,LSST-r,DDF,276.831,1.2655,4096,1.0,34.88,2.27,126.5,21.3795,DDF,270.955,1.263,4096,1.0,34.88,2.27,126.5,21.4129
SN000073,61718.312,LSST-Y,DDF,134.439,9.6917,4096,1.0,33.16,2.37,211.0,22.3077,DDF,116.466,9.6867,4096,1.0,33.16,2.37,211.0,22.3475
SN000073,61718.3221,LSST-z,DDF,216.839,3.316,4096,1.0,34.68,2.34,293.7,21.6654,DDF,196.906,3.312,4096,1.0,34.68,2.34,293.7,21.7336
SN000066,61297.4087,LSST-z,DDF,77.5396,11.1,4096,1.0,31.38,1.38,80.16,22.6258,DDF,99.3263,11.127,4096,1.0,31.38,1.38,80.16,22.5718
SN000066,61299.2713,LSST-i,DDF,93.6952,6.6777,4096,1.0,31.65,2.34,35.94,22.5976,DDF,100.587,6.689,4096,1.0,31.65,2.34,35.94,22.5336
SN000066,61299.2958,LSST-z,DDF,81.5486,10.083,4096,1.0,31.34,2.05,47.11,22.5699,DDF,94.3676,10.102,4096,1.0,31.34,2.05,47.11,22.5217
SN000066,61304.1425,LSST-i,DDF,90.9322,3.2174,4096,1.0,34.76,3.08,234.9,22.6118,DDF,100.158,3.2192,4096,1.0,34.76,3.08,234.9,22.5606
SN000066,61304.1615,LSST-Y,DDF,64.5687,12.74,0,1.0,33.16,3.09,213.4,22.7097,DDF,76.6317,12.743,4096,1.0,33.16,3.09,213.4,22.7081
SN000066,61304.1716,LSST-z,DDF,100.991,4.5211,4096,1.0,34.72,3.36,292.4,22.5239,DDF,101.768,4.5212,4096,1.0,34.72,3.36,292.4,22.4778
SN000099,61460.05,LSST-i,DDF,61.3029,1.242,4096,1.0,34.9,1.48,211.1,23.0245,DDF,60.3436,1.2416,4096,1.0,34.9,1.48,211.1,23.0313
SN000099,61460.0885,LSST-Y,DDF,63.3009,7.8534,6144,1.0,33.21,2.0,212.4,22.9999,DDF,41.6316,7.8463,6144,1.0,33.21,2.0,212.4,23.0188
SN000099,61460.1077,LSST-z,DDF,69.9338,3.3395,4096,1.0,34.69,2.2,320.5,22.962,DDF,67.3265,3.339,4096,1.0,34.69,2.2,320.5,22.9805
SN000099,61468.0368,LSST-i,DDF,69.0423,1.4575,4096,1.0,34.87,2.02,177.2,22.9306,DDF,66.5259,1.4565,4096,1.0,34.87,2.02,177.2,22.9431
SN000099,61468.0615,LSST-z,DDF,72.4872,2.8271,4096,1.0,34.73,2.27,272.4,22.8437,DDF,70.3244,2.8266,4096,1.0,34.73,2.27,272.4,22.9088
SN000058,61043.1296,LSST-Y,DDF,221.356,19.841,6144,1.0,31.02,2.09,67.76,21.6428,DDF,207.672,19.827,6144,1.0,31.02,2.09,67.76,21.6656
SN000058,61047.1077,LSST-i,DDF,387.968,5.5132,4096,1.0,31.68,1.56,39.98,21.0141,DDF,410.438,5.5564,4096,1.0,31.68,1.56,39.98,20.9458
SN000058,61047.1317,LSST-r,DDF,379.501,5.243,4096,1.0,31.81,1.85,36.41,21.0314,DDF,400.957,5.2815,4096,1.0,31.81,1.85,36.41,21.0021
SN000059,61329.9986,LSST-i,DDF,77.0955,5.4966,4096,1.0,32.4,2.0,69.71,22.8155,DDF,62.4192,5.482,4096,1.0,32.4,2.0,69.71,22.8923
SN000059,61330.0097,LSST-z,DDF,75.2976,7.2905,4096,1.0,32.07,1.83,74.83,22.7804,DDF,78.4493,7.2937,4096,1.0,32.07,1.83,74.83,22.8116
SN000065,60933.4029,LSST-i,DDF,139.827,7.1468,4096,1.0,31.7,1.98,47.32,22.2226,DDF,121.574,7.12,4096,1.0,31.7,1.98,47.32,22.2856
SN000065,60939.3995,LSST-z,DDF,138.138,7.866,4096,1.0,31.37,1.2,63.21,22.1678,DDF,130.689,7.8526,4096,1.0,31.37,1.2,63.21,22.2487
SN000065,60940.3831,LSST-r,DDF,151.546,3.3494,4096,1.0,31.75,1.66,24.38,22.0596,DDF,142.924,3.3236,4096,1.0,31.75,1.66,24.38,22.1403
SN000071,61709.3111,LSST-r,DDF,2399.15,7.6375,4096,1.0,31.74,1.79,24.77,19.0527,DDF,2404.14,7.644,4096,1.0,31.74,1.79,24.77,19.0582
SN000071,61712.0378,LSST-z,DDF,1798.19,16.706,4096,1.0,31.25,2.26,58.84,19.3571,DDF,1822.1,16.728,4096,1.0,31.25,2.26,58.84,19.3369
SN000071,61712.0698,LSST-i,DDF,2275.27,6.495,4096,1.0,32.36,1.73,57.87,19.1143,DDF,2234.53,6.4593,4096,1.0,32.36,1.73,57.87,19.1268
SN000071,61713.2762,LSST-i,DDF,2271.35,1.7624,4096,1.0,34.92,1.34,159.0,19.1007,DDF,2320.95,1.7775,4096,1.0,34.92,1.34,159.0,19.0868
SN000071,61713.2791,LSST-r,DDF,3085.4,1.8362,4096,1.0,35.05,1.7,113.3,18.7709,DDF,3191.99,1.8637,4096,1.0,35.05,1.7,113.3,18.7341
SN000071,61713.3008,LSST-z,DDF,1805.98,2.315,4096,1.0,34.79,1.76,235.1,19.3528,DDF,1906.42,2.3411,4096,1.0,34.79,1.76,235.1,19.3033
SN000071,61714.1522,LSST-r,DDF,3207.29,8.429,4096,1.0,31.78,1.51,28.55,18.7416,DDF,3303.65,8.5392,4096,1.0,31.78,1.51,28.55,18.701
SN000071,61714.3115,LSST-i,DDF,2289.71,8.2786,4096,1.0,31.66,1.55,36.5,19.1021,DDF,2344.03,8.3494,4096,1.0,31.66,1.55,36.5,19.074
SN000071,61714.3353,LSST-z,DDF,1776.81,11.822,4096,1.0,31.32,1.77,50.16,19.3731,DDF,1851.94,11.916,4096,1.0,31.32,1.77,50.16,19.3077
SN000071,61716.0443,LSST-z,DDF,1685.61,14.401,4096,1.0,31.28,1.96,58.35,19.4331,DDF,1776.91,14.498,4096,1.0,31.28,1.96,58.35,19.3602
SN000071,61716.1689,LSST-i,DDF,2241.4,6.2921,4096,1.0,32.4,1.74,57.29,19.1194,DDF,2312.29,6.3535,4096,1.0,32.4,1.74,57.29,19.0877
SN000075,61625.2964,LSST-g,DDF,7321.86,4.6733,4096,1.0,33.94,3.43,48.02,17.8351,DDF,7393.38,4.6936,4096,1.0,33.94,3.43,48.02,17.832
SN000075,61625.304,LSST-i,DDF,3700.15,2.8259,4096,1.0,34.84,2.61,179.4,18.5775,DDF,3638.26,2.8132,4096,1.0,34.84,2.61,179.4,18.6037
SN000075,61625.3137,LSST-r,DDF,6465.39,2.8248,4096,1.0,34.92,2.25,117.6,17.9712,DDF,6650.31,2.8598,4096,1.0,34.92,2.25,117.6,17.9412
SN000075,61625.3331,LSST-z,DDF,2850.11,2.8771,6144,1.0,34.76,1.94,253.3,18.8763,DDF,2775.98,2.861,6144,1.0,34.76,1.94,253.3,18.8836
SN000060,60921.1806,LSST-Y,DDF,59.6849,20.598,0,1.0,30.99,2.21,65.25,23.2029,DDF,33.0487,20.572,0,1.0,30.99,2.21,65.25,23.051
SN000060,60922.2235,LSST-i,DDF,42.6687,6.9931,4096,1.0,31.71,1.81,52.17,23.231,DDF,54.8174,7.011,0,1.0,31.71,1.81,52.17,23.2034
SN000060,60922.248,LSST-z,DDF,57.677,7.9459,4096,1.0,31.36,1.41,54.9,23.1131,DDF,71.5643,7.9709,4096,1.0,31.36,1.41,54.9,23.0387
SN000060,60926.29,LSST-Y,DDF,54.4712,11.643,0,1.0,32.23,1.98,129.0,23.0737,DDF,60.1568,11.646,4096,1.0,32.23,1.98,129.0,23.0886
SN000074,61806.2513,LSST-i,DDF,78.6825,1.3836,4096,1.0,34.9,2.01,173.1,22.7351,DDF,82.7178,1.3852,4096,1.0,34.9,2.01,173.1,22.6785
SN000074,61806.2703,LSST-Y,DDF,80.1704,5.0587,4096,1.0,33.36,1.61,194.3,22.8302,DDF,79.7838,5.0585,4096,1.0,33.36,1.61,194.3,22.8093
SN000074,61806.2804,LSST-z,DDF,89.1556,1.9125,6144,1.0,34.78,1.73,250.8,22.668,DDF,87.7137,1.912,6144,1.0,34.78,1.73,250.8,22.6188
SN000074,61814.3234,LSST-z,DDF,85.5246,14.047,4096,1.0,31.31,1.73,76.05,22.6851,DDF,101.729,14.064,0,1.0,31.31,1.73,76.05,22.6764
SN000074,61814.3471,LSST-Y,DDF,25.2339,34.462,0,1.0,30.04,1.79,56.29,22.8743,DDF,27.681,34.465,0,1.0,30.04,1.79,56.29,22.9014
SN000074,61815.0891,LSST-i,DDF,77.8613,2.4796,4096,1.0,34.85,2.29,264.1,22.7756,DDF,81.8234,2.4805,4096,1.0,34.85,2.29,264.1,22.7369
SN000074,61815.1081,LSST-Y,DDF,76.4549,8.1902,4096,1.0,33.27,2.14,218.8,22.895,DDF,61.9239,8.1858,4096,1.0,33.27,2.14,218.8,22.9201
SN000074,61815.1182,LSST-z,DDF,81.9571,3.7805,4096,1.0,34.76,2.64,322.7,22.7045,DDF,84.8902,3.7809,4096,1.0,34.76,2.64,322.7,22.6932
SN000100,61334.2359,LSST-r,DDF,3984.51,9.5554,4096,1.0,31.83,1.61,39.49,18.5009,DDF,3997.94,9.5685,4096,1.0,31.83,1.61,39.49,18.4967
SN000100,61334.2598,LSST-i,DDF,2961.05,9.1268,4096,1.0,31.69,1.45,42.14,18.8314,DDF,2929.7,9.0906,4096,1.0,31.69,1.45,42.14,18.8355
SN000100,61335.2392,LSST-r,DDF,4105.56,9.7597,4096,1.0,31.84,1.54,44.44,18.4581,DDF,4182.84,9.8322,4096,1.0,31.84,1.54,44.44,18.4491
SN000100,61335.2636,LSST-i,DDF,2968.01,9.1762,4096,1.0,31.7,1.38,46.09,18.829,DDF,2943.77,9.1485,4096,1.0,31.7,1.38,46.09,18.8251
SN000100,61338.1999,LSST-z,DDF,2304.4,12.039,4096,1.0,31.35,1.43,60.59,19.0938,DDF,2328.68,12.068,4096,1.0,31.35,1.43,60.59,19.0859
SN000100,61338.2238,LSST-i,DDF,2816.63,12.149,4096,1.0,31.71,2.13,60.45,18.8654,DDF,2860.39,12.186,4096,1.0,31.71,2.13,60.45,18.8615
SN000100,61341.3113,LSST-z,DDF,1924.1,9.1361,4096,1.0,32.1,1.85,78.7,19.2712,DDF,1926.23,9.1378,4096,1.0,32.1,1.85,78.7,19.2736
SN000100,61342.1425,LSST-g,DDF,3807.51,4.7922,4096,1.0,33.55,2.55,84.78,18.5496,DDF,3839.85,4.8051,4096,1.0,33.55,2.55,84.78,18.5397
SN000100,61342.1491,LSST-i,DDF,2474.39,3.1369,4096,1.0,34.17,1.83,152.7,19.0125,DDF,2389.17,3.1076,4096,1.0,34.17,1.83,152.7,19.0511
SN000100,61342.1589,LSST-r,DDF,3946.76,3.4927,4096,1.0,34.32,2.26,146.4,18.502,DDF,3949.11,3.4934,4096,1.0,34.32,2.26,146.4,18.5017
SN000100,61342.1779,LSST-z,DDF,1870.56,3.2878,4096,1.0,34.04,1.55,188.4,19.3242,DDF,1856.3,3.2826,4096,1.0,34.04,1.55,188.4,19.3291
SN000089,61839.0683,LSST-i,DDF,4779.86,13.043,4096,1.0,31.62,1.72,57.71,18.3016,DDF,4869.72,13.121,4096,1.0,31.62,1.72,57.71,18.2813
SN000089,61839.0921,LSST-z,DDF,4106.16,18.223,6144,1.0,31.27,1.99,65.31,18.4645,DDF,3877.96,18.027,6144,1.0,31.27,1.99,65.31,18.5326
SN000089,61847.0338,LSST-g,DDF,9971.64,11.398,4096,1.0,32.26,2.42,21.98,17.5106,DDF,9511.49,11.144,4096,1.0,32.26,2.42,21.98,17.5515
SN000089,61847.0573,LSST-r,DDF,8748.84,14.837,4096,1.0,31.62,2.22,27.32,17.6501,DDF,8601.58,14.725,4096,1.0,31.62,2.22,27.32,17.6658
SN000062,61775.1629,LSST-i,DDF,82.1556,4.9216,4096,1.0,31.66,1.54,40.03,22.758,DDF,76.5672,4.9092,4096,1.0,31.66,1.54,40.03,22.7718
SN000062,61776.1264,LSST-z,DDF,81.1594,7.127,4096,1.0,31.35,1.32,51.58,22.6613,DDF,103.973,7.1731,4096,1.0,31.35,1.32,51.58,22.6094
SN000062,61777.1297,LSST-Y,DDF,69.765,9.4872,4096,1.0,31.77,1.48,91.61,22.8006,DDF,90.5661,9.5087,4096,1.0,31.77,1.48,91.61,22.7099
SN000062,61778.1704,LSST-i,DDF,78.0942,9.4736,4096,1.0,31.67,2.28,54.06,22.7384,DDF,92.7848,9.4903,4096,1.0,31.67,2.28,54.06,22.7464
SN000062,61779.1142,LSST-i,DDF,85.9287,4.3068,4096,1.0,32.46,1.47,77.72,22.7405,DDF,75.2548,4.2939,4096,1.0,32.46,1.47,77.72,22.7455
SN000062,61779.1382,LSST-z,DDF,102.053,6.3829,4096,1.0,32.1,1.48,82.63,22.6457,DDF,87.8783,6.3668,4096,1.0,32.1,1.48,82.63,22.5771
SN000062,61781.1279,LSST-Y,DDF,84.2643,14.519,0,1.0,31.01,1.52,67.77,22.8249,DDF,80.7403,14.514,0,1.0,31.01,1.52,67.77,22.7209
SN000062,61782.1208,LSST-Y,DDF,93.0066,27.129,0,1.0,30.26,1.93,50.13,22.8417,DDF,108.729,27.152,0,1.0,30.26,1.93,50.13,22.7411
SN000062,61782.1446,LSST-z,DDF,67.2936,14.845,4096,1.0,31.35,2.1,68.84,22.684,DDF,65.998,14.844,0,1.0,31.35,2.1,68.84,22.6096
SN000062,61783.0701,LSST-i,DDF,78.0275,1.8862,4096,1.0,34.96,2.11,240.3,22.7863,DDF,75.4385,1.8855,4096,1.0,34.96,2.11,240.3,22.7732
SN000062,61783.0917,LSST-Y,DDF,69.4441,5.6143,4096,1.0,33.47,1.91,201.7,22.8622,DDF,79.4107,5.6179,4096,1.0,33.47,1.91,201.7,22.7667
SN000062,61783.0998,LSST-z,DDF,79.7928,2.5503,4096,1.0,34.84,2.15,286.7,22.7034,DDF,89.82,2.5526,4096,1.0,34.84,2.15,286.7,22.6285
SN000077,61329.3362,LSST-i,DDF,79.0816,5.5874,4096,1.0,31.66,1.98,35.7,22.5953,DDF,87.1654,5.6031,6144,1.0,31.66,1.98,35.7,22.65
SN000063,60863.2498,LSST-i,DDF,69.4019,2.5359,4096,1.0,34.85,2.53,244.7,22.8787,DDF,65.0293,2.5349,4096,1.0,34.85,2.53,244.7,22.9333
SN000063,60863.2688,LSST-Y,DDF,74.1487,7.6459,4096,1.0,33.28,2.11,209.0,22.9073,DDF,57.6797,7.6406,4096,1.0,33.28,2.11,209.0,22.8799
SN000063,60863.2789,LSST-z,DDF,79.7217,2.9102,6144,1.0,34.76,2.28,287.0,22.7676,DDF,81.5726,2.9105,6144,1.0,34.76,2.28,287.0,22.7657
SN000085,61300.141,LSST-i,DDF,3890.17,10.578,4096,1.0,31.66,1.79,38.17,18.5258,DDF,3639.29,10.318,4096,1.0,31.66,1.79,38.17,18.5938
SN000085,61300.1651,LSST-r,DDF,5845.23,11.437,4096,1.0,31.75,2.01,26.48,18.0863,DDF,5565.88,11.191,4096,1.0,31.75,2.01,26.48,18.1399
SN000085,61307.0051,LSST-g,DDF,6988.04,8.5701,4096,1.0,34.03,3.75,231.1,17.8897,DDF,6626.27,8.5184,4096,1.0,34.03,3.75,231.1,17.9474
SN000085,61307.0128,LSST-i,DDF,3627.77,5.308,4096,1.0,34.82,3.45,338.6,18.602,DDF,3681.89,5.3141,4096,1.0,34.82,3.45,338.6,18.5934
SN000085,61307.0225,LSST-r,DDF,6339.9,5.4907,4096,1.0,34.95,3.72,351.1,18.0032,DDF,6006.26,5.4588,4096,1.0,34.95,3.72,351.1,18.0479
SN000085,61307.0419,LSST-z,DDF,2860.51,4.2071,4096,1.0,34.75,2.4,350.6,18.8651,DDF,3122.6,4.2461,4096,1.0,34.75,2.4,350.6,18.7682
SN000046,61717.0871,LSST-i,DDF,329.154,5.5423,6144,1.0,31.71,1.41,47.25,21.1573,DDF,342.885,5.5679,6144,1.0,31.71,1.41,47.25,21.1815
SN000046,61717.1115,LSST-z,DDF,250.737,7.583,4096,1.0,31.36,1.33,52.66,21.5894,DDF,228.301,7.5406,4096,1.0,31.36,1.33,52.66,21.609
SN000052,61704.3526,LSST-r,DDF,197.129,3.6785,4096,1.0,31.73,1.71,25.05,21.7591,DDF,217.71,3.7349,4096,1.0,31.73,1.71,25.05,21.6624
SN000052,61705.2647,LSST-r,DDF,203.891,2.6566,4096,1.0,32.48,1.84,33.59,21.7156,DDF,228.403,2.7032,4096,1.0,32.48,1.84,33.59,21.6188
SN000052,61705.3369,LSST-i,DDF,178.883,3.4644,4096,1.0,32.41,1.63,50.52,21.8788,DDF,201.402,3.4995,4096,1.0,32.41,1.63,50.52,21.767
SN000052,61705.3484,LSST-z,DDF,161.027,5.8048,4096,1.0,32.08,1.56,68.74,21.9997,DDF,187.661,5.8385,4096,1.0,32.08,1.56,68.74,21.8805
SN000052,61707.254,LSST-i,DDF,189.279,1.2836,4096,1.0,34.17,1.32,110.8,21.8001,DDF,203.552,1.2955,4096,1.0,34.17,1.32,110.8,21.7128
SN000052,61707.2637,LSST-r,DDF,211.988,1.0948,4096,1.0,34.24,1.64,75.03,21.6804,DDF,230.333,1.1115,4096,1.0,34.24,1.64,75.03,21.5848
SN000052,61707.2784,LSST-z,DDF,167.264,2.125,4096,1.0,34.04,1.45,162.9,21.9441,DDF,177.665,2.1309,4096,1.0,34.04,1.45,162.9,21.8645
SN000052,61708.2639,LSST-r,DDF,219.628,3.7438,4096,1.0,31.73,1.81,23.7,21.6688,DDF,239.702,3.7979,4096,1.0,31.73,1.81,23.7,21.5744
SN000052,61708.2877,LSST-i,DDF,198.979,5.1816,4096,1.0,31.66,1.76,35.1,21.7716,DDF,215.527,5.2161,4096,1.0,31.66,1.76,35.1,21.6966
SN000052,61709.3163,LSST-r,DDF,215.499,3.5921,4096,1.0,31.73,1.68,24.12,21.6606,DDF,233.879,3.6438,4096,1.0,31.73,1.68,24.12,21.5679
SN000052,61710.2491,LSST-r,DDF,215.854,3.7553,4096,1.0,31.73,1.82,23.77,21.6585,DDF,234.277,3.8048,4096,1.0,31.73,1.82,23.77,21.5678
SN000052,61714.1725,LSST-r,DDF,206.652,3.6167,4096,1.0,31.75,1.57,26.95,21.699,DDF,219.816,3.6528,4096,1.0,31.75,1.57,26.95,21.6219
SN000052,61714.1967,LSST-i,DDF,200.254,4.5241,4096,1.0,31.66,1.45,36.04,21.7553,DDF,204.137,4.5334,4096,1.0,31.66,1.45,36.04,21.735
SN000052,61715.239,LSST-i,DDF,198.208,1.9823,4096,1.0,34.16,2.21,110.2,21.7707,DDF,200.443,1.9836,4096,1.0,34.16,2.21,110.2,21.757
SN000052,61715.2488,LSST-r,DDF,205.983,1.1853,4096,1.0,34.23,1.84,74.91,21.7265,DDF,218.956,1.1963,4096,1.0,34.23,1.84,74.91,21.6541
SN000052,61715.2583,LSST-Y,DDF,109.777,8.0961,4096,1.0,32.65,2.0,130.1,22.5558,DDF,83.8067,8.0821,4096,1.0,32.65,2.0,130.1,22.5748
SN000052,61715.2679,LSST-z,DDF,159.544,2.811,4096,1.0,34.04,1.96,163.0,21.9573,DDF,158.886,2.8107,4096,1.0,34.04,1.96,163.0,21.9962
SN000052,61716.2896,LSST-i,DDF,186.023,4.9681,4096,1.0,31.66,1.67,35.41,21.789,DDF,187.556,4.9715,4096,1.0,31.66,1.67,35.41,21.7811
SN000052,61716.3141,LSST-z,DDF,154.674,7.7829,4096,1.0,31.34,1.5,48.38,21.9818,DDF,150.829,7.7757,4096,1.0,31.34,1.5,48.38,22.0301
SN000047,61787.1717,LSST-i,DDF,63.0322,2.8706,4096,1.0,34.86,2.66,266.4,23.0526,DDF,58.1373,2.8696,4096,1.0,34.86,2.66,266.4,23.0659
SN000047,61787.1907,LSST-Y,DDF,73.5352,8.9495,0,1.0,33.28,2.4,215.3,23.0445,DDF,50.5413,8.9433,4096,1.0,33.28,2.4,215.3,23.085
SN000047,61787.2008,LSST-z,DDF,66.3588,2.8739,6144,1.0,34.77,2.12,307.9,22.9904,DDF,62.5473,2.873,6144,1.0,34.77,2.12,307.9,23.0143
SN000047,61788.1586,LSST-i,DDF,60.9624,2.2895,4096,1.0,34.82,2.55,213.1,23.0262,DDF,61.0875,2.2895,4096,1.0,34.82,2.55,213.1,23.0339
SN000047,61788.1776,LSST-Y,DDF,47.4717,8.1607,4096,1.0,33.25,2.19,209.4,23.0173,DDF,74.66,8.169,4096,1.0,33.25,2.19,209.4,23.0469
SN000047,61788.1877,LSST-z,DDF,57.8748,3.3274,4096,1.0,34.75,2.6,285.8,22.9467,DDF,66.6285,3.3291,4096,1.0,34.75,2.6,285.8,22.9605
SN000047,61791.2305,LSST-i,DDF,67.6417,1.5684,4096,1.0,34.89,2.23,176.5,22.9807,DDF,61.237,1.5661,4096,1.0,34.89,2.23,176.5,22.9729
SN000047,61791.2552,LSST-z,DDF,70.5701,2.007,4096,1.0,34.78,1.83,249.9,22.8547,DDF,74.5912,2.0082,4096,1.0,34.78,1.83,249.9,22.8401
SN000047,61796.2634,LSST-i,DDF,63.1801,0.94261,4096,1.0,34.91,1.36,172.9,22.9927,DDF,65.3181,0.94384,4096,1.0,34.91,1.36,172.9,22.9675
SN000047,61796.2881,LSST-z,DDF,73.425,1.5608,4096,1.0,34.78,1.42,248.5,22.8335,DDF,78.7989,1.5629,4096,1.0,34.78,1.42,248.5,22.7843
SN000090,61453.198,LSST-Y,DDF,74.1912,26.896,0,1.0,30.24,2.01,46.89,22.7075,DDF,35.1026,26.837,0,1.0,30.24,2.01,46.89,22.7493
SN000090,61460.2053,LSST-i,DDF,107.604,8.9278,4096,1.0,31.7,1.92,61.89,22.2645,DDF,117.034,8.9388,4096,1.0,31.7,1.92,61.89,22.2485
SN000090,61461.1946,LSST-z,DDF,120.778,8.8552,4096,1.0,32.81,2.74,120.6,22.3031,DDF,126.785,8.8578,4096,1.0,32.81,2.74,120.6,22.3035
SN000090,61461.2183,LSST-Y,DDF,58.5366,20.905,0,1.0,31.64,2.69,99.14,22.7258,DDF,121.84,20.939,0,1.0,31.64,2.69,99.14,22.6714
SN000090,61462.1781,LSST-i,DDF,128.076,8.0335,4096,1.0,31.67,2.19,47.14,22.2789,DDF,146.296,8.0578,4096,1.0,31.67,2.19,47.14,22.2702
SN000090,61462.2019,LSST-z,DDF,108.333,15.52,4096,1.0,31.33,2.73,54.23,22.3168,DDF,96.8095,15.509,4096,1.0,31.33,2.73,54.23,22.318
SN000090,61463.2249,LSST-i,DDF,112.969,7.0417,4096,1.0,31.66,2.01,44.45,22.2913,DDF,121.132,7.0543,4096,1.0,31.66,2.01,44.45,22.2878
SN000090,61464.1239,LSST-i,DDF,117.797,5.2816,4096,1.0,31.65,1.64,39.56,22.3073,DDF,103.086,5.251,4096,1.0,31.65,1.64,39.56,22.3086
SN000086,61371.2195,LSST-r,DDF,4144.28,10.427,4096,1.0,31.85,1.83,48.89,18.4666,DDF,4057.39,10.351,4096,1.0,31.85,1.83,48.89,18.4801
SN000086,61371.2437,LSST-i,DDF,2698.08,9.8148,4096,1.0,31.69,1.7,49.42,18.9292,DDF,2813.32,9.9379,4096,1.0,31.69,1.7,49.42,18.8755
SN000086,61372.1508,LSST-i,DDF,2649.74,2.6936,4096,1.0,34.28,1.54,137.2,18.9368,DDF,2868.81,2.7714,4096,1.0,34.28,1.54,137.2,18.865
SN000086,61372.1574,LSST-r,DDF,4163.26,2.9168,4096,1.0,34.41,1.65,114.9,18.4503,DDF,4147.95,2.9123,4096,1.0,34.41,1.65,114.9,18.4461
SN000086,61372.1633,LSST-z,DDF,2053.05,3.3771,4096,1.0,34.05,1.72,174.0,19.2254,DDF,2215.07,3.4342,4096,1.0,34.05,1.72,174.0,19.1364
SN000086,61375.2379,LSST-r,DDF,4170.42,6.8376,4096,1.0,32.52,1.69,40.98,18.4574,DDF,4269.6,6.9084,4096,1.0,32.52,1.69,40.98,18.428
SN000086,61379.1655,LSST-i,DDF,2320.57,2.7656,4096,1.0,34.16,1.9,110.8,19.0886,DDF,2291.87,2.7544,4096,1.0,34.16,1.9,110.8,19.1005
SN000086,61379.1752,LSST-r,DDF,3757.96,2.9779,4096,1.0,34.23,2.05,75.1,18.5567,DDF,3835.39,3.0042,4096,1.0,34.23,2.05,75.1,18.5442
SN000086,61379.1899,LSST-z,DDF,1511.95,3.1753,4096,1.0,34.04,1.8,164.0,19.5562,DDF,1537.25,3.1849,4096,1.0,34.04,1.8,164.0,19.5343
SN000051,61667.4033,LSST-Y,DDF,91.6847,44.039,0,1.0,30.3,2.14,76.39,23.1627,DDF,71.6695,44.022,0,1.0,30.3,2.14,76.39,23.086
SN000051,61668.3706,LSST-i,DDF,59.1903,1.8089,4096,1.0,34.22,1.51,161.7,23.0972,DDF,58.4407,1.8085,4096,1.0,34.22,1.51,161.7,23.0774
SN000051,61669.3951,LSST-i,DDF,60.8586,2.919,4096,1.0,32.91,1.33,88.08,23.0558,DDF,62.2257,2.9206,6144,1.0,32.91,1.33,88.08,23.0506
SN000051,61670.3988,LSST-Y,DDF,89.6295,20.571,0,1.0,31.05,1.71,88.9,23.104,DDF,58.76,20.543,0,1.0,31.05,1.71,88.9,23.0475
SN000051,61671.4009,LSST-z,DDF,69.3963,11.283,4096,1.0,31.38,1.38,81.58,22.888,DDF,67.5004,11.28,4096,1.0,31.38,1.38,81.58,22.8773
SN000051,61673.3873,LSST-i,DDF,66.2615,6.314,4096,1.0,31.67,2.16,37.7,22.9728,DDF,58.8165,6.3013,4096,1.0,31.67,2.16,37.7,23.0164
SN000051,61676.377,LSST-i,DDF,61.0461,3.134,4096,1.0,32.42,1.58,50.21,22.9673,DDF,61.1803,3.1342,4096,1.0,32.42,1.58,50.21,23.0366
SN000051,61680.3629,LSST-z,DDF,58.9853,7.4421,4096,1.0,31.35,1.53,46.84,22.9362,DDF,61.7715,7.4475,4096,1.0,31.35,1.53,46.84,23.0046
SN000045,61042.1527,LSST-i,DDF,421.15,9.2013,4096,1.0,31.71,1.92,61.85,20.9262,DDF,434.113,9.2158,4096,1.0,31.71,1.92,61.85,20.8816
SN000045,61042.1768,LSST-z,DDF,281.411,12.369,4096,1.0,31.34,1.86,62.7,21.3441,DDF,290.628,12.38,4096,1.0,31.34,1.86,62.7,21.2721
SN000078,61031.3416,LSST-r,DDF,5562.71,11.151,6144,1.0,31.75,1.84,28.08,18.1293,DDF,5468.56,11.067,6144,1.0,31.75,1.84,28.08,18.1537
SN000078,61031.3541,LSST-i,DDF,4140.78,11.539,4096,1.0,31.69,1.65,54.89,18.461,DDF,4068.52,11.473,4096,1.0,31.69,1.65,54.89,18.466
SN000078,61032.3408,LSST-r,DDF,5904.12,11.5,4096,1.0,31.75,1.95,27.56,18.0615,DDF,5764.32,11.378,4096,1.0,31.75,1.95,27.56,18.0943
SN000078,61034.2946,LSST-i,DDF,4172.78,10.762,4096,1.0,31.65,1.65,38.7,18.4481,DDF,4032.88,10.619,4096,1.0,31.65,1.65,38.7,18.4953
SN000078,61034.3144,LSST-r,DDF,6482.94,11.889,4096,1.0,31.74,1.7,27.08,17.9669,DDF,6263.1,11.701,4096,1.0,31.74,1.7,27.08,18.0106
SN000078,61042.2004,LSST-i,DDF,3638.05,3.7427,4096,1.0,34.9,2.55,319.3,18.5981,DDF,3633.86,3.742,4096,1.0,34.9,2.55,319.3,18.6037
SN000078,61042.2062,LSST-r,DDF,6309.0,3.8109,4096,1.0,34.98,2.43,324.3,17.9993,DDF,6411.99,3.8247,4096,1.0,34.98,2.43,324.3,17.9914
SN000078,61042.2286,LSST-z,DDF,2999.83,3.2697,4096,1.0,34.8,1.87,334.0,18.8085,DDF,2937.72,3.2582,4096,1.0,34.8,1.87,334.0,18.8302
SN000050,61266.2671,LSST-i,DDF,38.2929,1.7525,4096,1.0,34.88,2.31,190.3,23.6539,DDF,35.424,1.7516,4096,1.0,34.88,2.31,190.3,23.5703
SN000050,61266.2857,LSST-z,DDF,43.7827,2.801,4096,1.0,34.75,2.38,262.8,23.4434,DDF,47.8821,2.8019,4096,1.0,34.75,2.38,262.8,23.3576
SN000050,61272.3738,LSST-z,DDF,47.0397,10.088,0,1.0,31.33,1.97,48.84,23.2335,DDF,61.2212,10.109,0,1.0,31.33,1.97,48.84,23.226
SN000050,61272.388,LSST-i,DDF,40.6577,1.2684,6144,1.0,34.91,1.95,166.6,23.4578,DDF,42.7441,1.2692,6144,1.0,34.91,1.95,166.6,23.4069
SN000050,61273.2204,LSST-Y,DDF,26.9828,10.733,0,1.0,33.12,2.5,214.2,23.4116,DDF,50.2163,10.74,4096,1.0,33.12,2.5,214.2,23.3915
SN000050,61273.2306,LSST-z,DDF,46.1021,3.0596,4096,1.0,34.71,2.23,295.4,23.2329,DDF,52.1872,3.0609,4096,1.0,34.71,2.23,295.4,23.2378
SN000050,61274.3324,LSST-i,DDF,44.2351,5.2638,4096,1.0,31.65,1.75,38.1,23.4473,DDF,49.3891,5.2745,4096,1.0,31.65,1.75,38.1,23.4141
SN000050,61276.3206,LSST-i,DDF,41.0875,5.8962,0,1.0,31.68,1.61,47.93,23.4535,DDF,39.1941,5.8928,4096,1.0,31.68,1.61,47.93,23.4407
SN000050,61277.3426,LSST-i,DDF,43.5704,3.9463,4096,1.0,32.44,1.47,70.59,23.4659,DDF,44.7242,3.9478,4096,1.0,32.44,1.47,70.59,23.464
SN000087,61666.0221,LSST-i,DDF,118.382,2.5803,4096,1.0,34.79,2.36,251.4,22.33,DDF,126.453,2.5822,4096,1.0,34.79,2.36,251.4,22.2801
SN000087,61666.0411,LSST-Y,DDF,98.326,7.8454,4096,1.0,33.19,1.89,220.1,22.6682,DDF,92.5463,7.8435,4096,1.0,33.19,1.89,220.1,22.6463
SN000087,61666.0512,LSST-z,DDF,112.483,3.0434,4096,1.0,34.74,2.04,328.7,22.3416,DDF,122.877,3.0456,4096,1.0,34.74,2.04,328.7,22.2969
SN000087,61672.2114,LSST-i,DDF,112.739,1.0054,4096,1.0,34.92,1.56,158.4,22.3483,DDF,117.584,1.008,4096,1.0,34.92,1.56,158.4,22.3067
SN000087,61672.2305,LSST-Y,DDF,77.5194,4.5994,4096,1.0,33.41,1.62,183.7,22.7097,DDF,89.0657,4.6049,4096,1.0,33.41,1.62,183.7,22.6403
SN000087,61672.2407,LSST-z,DDF,110.971,1.274,4096,1.0,34.8,1.24,230.9,22.3728,DDF,123.698,1.28,4096,1.0,34.8,1.24,230.9,22.2762
SN000068,60948.0142,LSST-i,DDF,99.4712,10.8,4096,1.0,31.57,2.76,46.4,22.5823,DDF,106.003,10.808,4096,1.0,31.57,2.76,46.4,22.7018
SN000068,60948.0932,LSST-z,DDF,91.9586,9.2376,6144,1.0,32.07,2.33,74.66,22.5588,DDF,75.5343,9.2244,6144,1.0,32.07,2.33,74.66,22.7052
SN000068,60953.2056,LSST-Y,DDF,72.4017,15.756,0,1.0,31.03,1.66,68.75,22.8261,DDF,59.4401,15.74,4096,1.0,31.03,1.66,68.75,22.8391
SN000068,60956.0287,LSST-z,DDF,90.3424,9.5611,4096,1.0,32.07,1.92,93.84,22.4971,DDF,99.088,9.5679,0,1.0,32.07,1.92,93.84,22.5125
SN000068,60956.1419,LSST-i,DDF,108.45,5.1641,4096,1.0,32.89,1.79,114.9,22.4243,DDF,98.422,5.1574,4096,1.0,32.89,1.79,114.9,22.4407
SN000055,60840.9825,LSST-i,DDF,69.8346,2.4108,4096,1.0,34.86,3.05,194.6,22.8871,DDF,76.922,2.4124,4096,1.0,34.86,3.05,194.6,22.8385
SN000055,60841.0015,LSST-Y,DDF,42.8693,11.949,4096,1.0,33.22,3.13,208.9,22.9452,DDF,50.5483,11.951,0,1.0,33.22,3.13,208.9,22.9564
SN000055,60841.0116,LSST-z,DDF,72.1891,4.3014,6144,1.0,34.71,3.21,288.7,22.8862,DDF,70.5238,4.3012,6144,1.0,34.71,3.21,288.7,22.857
SN000082,61764.2085,LSST-i,DDF,1889.94,7.7601,4096,1.0,31.65,1.53,36.61,19.3127,DDF,1998.91,7.9122,4096,1.0,31.65,1.53,36.61,19.2583
SN000082,61764.2324,LSST-z,DDF,1508.84,11.145,6144,1.0,31.32,1.67,50.79,19.5449,DDF,1553.71,11.204,6144,1.0,31.32,1.67,50.79,19.5316
SN000080,60956.009,LSST-z,DDF,1383.53,15.188,4096,1.0,31.31,2.0,64.85,19.627,DDF,1370.76,15.175,4096,1.0,31.31,2.0,64.85,19.6506
SN000080,60956.0654,LSST-i,DDF,1660.76,7.5414,6144,1.0,32.45,1.83,92.5,19.4675,DDF,1602.52,7.5008,6144,1.0,32.45,1.83,92.5,19.4804
SN000080,60958.2635,LSST-r,DDF,2051.08,8.253,4096,1.0,31.83,1.72,48.54,19.2079,DDF,2146.56,8.3595,4096,1.0,31.83,1.72,48.54,19.1653
SN000080,60964.2361,LSST-r,DDF,2453.56,8.04,4096,1.0,31.73,2.16,24.7,19.0338,DDF,2465.15,8.0546,4096,1.0,31.73,2.16,24.7,19.0176
SN000094,61369.1172,LSST-Y,DDF,53.2485,16.606,0,1.0,31.01,1.57,75.35,22.779,DDF,99.407,16.66,4096,1.0,31.01,1.57,75.35,22.7532
SN000094,61370.1343,LSST-i,DDF,79.6036,5.9037,6144,1.0,31.71,1.23,63.84,22.6787,DDF,94.7206,5.9301,6144,1.0,31.71,1.23,63.84,22.5958
SN000094,61370.1582,LSST-z,DDF,92.9591,8.3852,4096,1.0,31.35,1.26,63.84,22.6378,DDF,100.672,8.3985,4096,1.0,31.35,1.26,63.84,22.5979
SN000094,61372.1248,LSST-i,DDF,85.0508,4.5131,4096,1.0,31.66,1.49,37.59,22.6426,DDF,94.6147,4.536,4096,1.0,31.66,1.49,37.59,22.5705
SN000094,61375.0581,LSST-z,DDF,88.9158,8.5918,4096,1.0,31.33,1.61,50.33,22.5581,DDF,106.563,8.622,4096,1.0,31.33,1.61,50.33,22.5365
SN000094,61375.0822,LSST-Y,DDF,91.7651,21.176,0,1.0,30.24,1.64,45.06,22.7346,DDF,88.0181,21.169,0,1.0,30.24,1.64,45.06,22.7549
SN000094,61379.1313,LSST-i,DDF,85.0439,4.7414,4096,1.0,31.65,1.54,38.02,22.6676,DDF,89.5929,4.7519,4096,1.0,31.65,1.54,38.02,22.6451
SN000095,61395.2752,LSST-i,DDF,166.989,1.1875,4096,1.0,35.63,2.01,287.7,21.9523,DDF,170.14,1.1883,4096,1.0,35.63,2.01,287.7,21.9349
SN000095,61395.2817,LSST-z,DDF,159.373,2.398,4096,1.0,34.76,1.96,271.9,22.01,DDF,162.3,2.3988,4096,1.0,34.76,1.96,271.9,22.0011
SN000095,61395.2849,LSST-r,DDF,172.526,0.91482,4096,1.0,35.74,2.15,224.6,21.9,DDF,175.447,0.91563,4096,1.0,35.74,2.15,224.6,21.8912
SN000095,61395.2942,LSST-Y,DDF,105.094,4.2378,4096,1.0,34.08,1.81,281.1,22.4761,DDF,103.351,4.2373,4096,1.0,34.08,1.81,281.1,22.4644
SN000095,61396.2196,LSST-i,DDF,169.164,2.508,4096,1.0,34.81,2.06,283.6,21.9268,DDF,172.826,2.5089,4096,1.0,34.81,2.06,283.6,21.9061
SN000095,61396.2261,LSST-z,DDF,158.887,2.611,4096,1.0,35.46,2.38,469.1,21.9991,DDF,166.673,2.612,4096,1.0,35.46,2.38,469.1,21.9826
SN000095,61396.2293,LSST-r,DDF,175.552,1.9291,4096,1.0,34.95,1.82,278.4,21.8856,DDF,178.691,1.9299,4096,1.0,34.95,1.82,278.4,21.8845
SN000095,61396.2386,LSST-Y,DDF,99.9796,8.45,4096,1.0,33.22,2.11,218.5,22.4941,DDF,107.092,8.4522,4096,1.0,33.22,2.11,218.5,22.4837
SN000095,61397.3035,LSST-Y,DDF,52.0345,37.698,0,1.0,30.96,3.69,69.72,22.5169,DDF,148.712,37.751,0,1.0,30.96,3.69,69.72,22.5103
SN000095,61398.3503,LSST-Y,DDF,95.2359,17.32,0,1.0,31.0,1.38,88.37,22.541,DDF,109.815,17.337,4096,1.0,31.0,1.38,88.37,22.541
SN000095,61404.3109,LSST-r,DDF,163.409,4.0094,4096,1.0,32.57,1.71,67.1,21.9891,DDF,148.861,3.9923,4096,1.0,32.57,1.71,67.1,22.0588
SN000081,61705.3372,LSST-i,DDF,82.7278,4.8459,4096,1.0,31.65,1.68,35.73,22.6657,DDF,92.816,4.8686,4096,1.0,31.65,1.68,35.73,22.7117
SN000081,61705.3486,LSST-z,DDF,91.5383,8.0734,4096,1.0,31.33,1.56,48.66,22.658,DDF,73.7874,8.041,4096,1.0,31.33,1.56,48.66,22.6964
SN000081,61707.254,LSST-i,DDF,90.3611,1.198,4096,1.0,34.17,1.32,110.8,22.623,DDF,83.7085,1.192,4096,1.0,34.17,1.32,110.8,22.6655
SN000081,61707.2784,LSST-z,DDF,88.4975,2.0796,4096,1.0,34.04,1.45,162.9,22.5863,DDF,94.4333,2.0831,4096,1.0,34.04,1.45,162.9,22.6091
SN000081,61708.2873,LSST-i,DDF,90.2412,4.9205,4096,1.0,31.66,1.75,35.08,22.6083,DDF,89.2411,4.9183,4096,1.0,31.66,1.75,35.08,22.6477
SN000081,61714.1954,LSST-i,DDF,97.2708,4.5579,4096,1.0,31.66,1.56,36.04,22.6126,DDF,86.2174,4.5315,4096,1.0,31.66,1.56,36.04,22.6176
SN000081,61715.239,LSST-i,DDF,92.1465,1.9235,4096,1.0,34.16,2.21,110.2,22.6273,DDF,86.8189,1.9205,4096,1.0,34.16,2.21,110.2,22.6243
SN000081,61715.2583,LSST-Y,DDF,72.6906,8.0761,4096,1.0,32.65,2.0,130.1,22.7407,DDF,71.6998,8.0756,4096,1.0,32.65,2.0,130.1,22.6701
SN000081,61715.2679,LSST-z,DDF,94.2134,2.7827,4096,1.0,34.04,1.96,163.0,22.5662,DDF,98.2382,2.7845,4096,1.0,34.04,1.96,163.0,22.5236
SN000025,61457.0991,LSST-Y,DDF,143.452,22.533,0,1.0,30.91,1.98,73.77,22.4023,DDF,116.8,22.508,4096,1.0,30.91,1.98,73.77,22.4654
SN000025,61460.1337,LSST-i,DDF,191.907,3.5872,4096,1.0,34.07,2.38,177.3,21.7516,DDF,201.904,3.5905,4096,1.0,34.07,2.38,177.3,21.7277
SN000025,61460.1434,LSST-r,DDF,206.988,3.5662,4096,1.0,34.15,2.59,174.4,21.6861,DDF,214.66,3.5685,4096,1.0,34.15,2.59,174.4,21.669
SN000025,61460.1529,LSST-Y,DDF,88.3639,14.575,4096,1.0,32.33,2.26,155.2,22.4409,DDF,105.885,14.582,0,1.0,32.33,2.26,155.2,22.4851
SN000025,61460.1625,LSST-z,DDF,154.049,5.2583,4096,1.0,33.91,2.3,234.5,21.9917,DDF,166.178,5.2614,4096,1.0,33.91,2.3,234.5,21.9903
SN000025,61467.0398,LSST-i,DDF,196.929,1.8709,4096,1.0,34.13,1.85,119.7,21.7628,DDF,202.755,1.8743,4096,1.0,34.13,1.85,119.7,21.7347
SN000025,61467.0495,LSST-r,DDF,204.918,1.2449,4096,1.0,34.2,1.75,81.71,21.7106,DDF,204.403,1.2445,4096,1.0,34.2,1.75,81.71,21.7257
SN000025,61467.0641,LSST-z,DDF,168.402,2.6556,4096,1.0,34.01,1.6,182.4,21.9457,DDF,175.895,2.6591,4096,1.0,34.01,1.6,182.4,21.887
SN000019,61032.2067,LSST-i,DDF,269.621,3.3953,4096,1.0,34.75,3.78,198.3,21.4182,DDF,292.57,3.3995,4096,1.0,34.75,3.78,198.3,21.327
SN000019,61032.2206,LSST-r,DDF,270.77,1.5217,4096,1.0,34.9,2.75,132.9,21.4235,DDF,279.855,1.525,4096,1.0,34.9,2.75,132.9,21.3864
SN000019,61032.2314,LSST-z,DDF,214.761,3.132,4096,1.0,34.72,2.39,281.6,21.6701,DDF,248.94,3.139,4096,1.0,34.72,2.39,281.6,21.4852
SN000019,61034.3302,LSST-r,DDF,299.708,4.3652,4096,1.0,31.74,1.83,27.62,21.312,DDF,301.548,4.3694,4096,1.0,31.74,1.83,27.62,21.3004
SN000019,61042.2797,LSST-i,DDF,327.785,10.38,4096,1.0,31.68,2.1,63.36,21.2232,DDF,330.615,10.382,4096,1.0,31.68,2.1,63.36,21.2593
SN000019,61042.3035,LSST-z,DDF,206.112,10.801,4096,1.0,31.34,1.67,61.05,21.7458,DDF,199.615,10.792,4096,1.0,31.34,1.67,61.05,21.7707
SN000024,61333.1763,LSST-z,DDF,95.4851,5.6124,4096,1.0,32.1,1.46,73.36,22.6029,DDF,80.2845,5.5928,4096,1.0,32.1,1.46,73.36,22.6772
SN000024,61333.2835,LSST-i,DDF,85.3299,1.2927,4096,1.0,34.98,1.88,185.4,22.6726,DDF,84.2509,1.2923,4096,1.0,34.98,1.88,185.4,22.7165
SN000024,61333.3345,LSST-Y,DDF,74.5723,6.9595,4096,1.0,33.19,1.78,207.4,22.7718,DDF,72.4362,6.9587,4096,1.0,33.19,1.78,207.4,22.8075
SN000024,61335.1932,LSST-i,DDF,88.6168,6.758,4096,1.0,31.71,1.63,55.35,22.6652,DDF,74.2802,6.736,4096,1.0,31.71,1.63,55.35,22.7166
SN000024,61335.2179,LSST-z,DDF,79.4646,11.581,0,1.0,31.35,1.92,58.49,22.6023,DDF,107.678,11.616,4096,1.0,31.35,1.92,58.49,22.6804
SN000033,60876.3138,LSST-i,DDF,107.195,2.0533,4096,1.0,34.8,2.4,197.6,22.4161,DDF,113.643,2.0552,4096,1.0,34.8,2.4,197.6,22.3644
SN000033,60876.3384,LSST-z,DDF,103.939,2.8017,6144,1.0,34.74,2.23,276.6,22.4459,DDF,106.799,2.8023,6144,1.0,34.74,2.23,276.6,22.3951
SN000037,61283.2996,LSST-i,DDF,107.478,6.4494,4096,1.0,31.72,1.56,55.33,22.37,DDF,114.677,6.4608,4096,1.0,31.72,1.56,55.33,22.3959
SN000037,61284.3522,LSST-i,DDF,118.373,5.1972,4096,1.0,32.44,1.92,70.56,22.3445,DDF,110.671,5.1893,4096,1.0,32.44,1.92,70.56,22.3753
SN000037,61287.3734,LSST-i,DDF,118.998,5.3116,4096,1.0,31.66,1.62,40.67,22.3133,DDF,117.136,5.3078,4096,1.0,31.66,1.62,40.67,22.3555
SN000037,61292.3158,LSST-i,DDF,111.774,6.1155,4096,1.0,31.66,2.16,35.63,22.3419,DDF,101.546,6.0973,4096,1.0,31.66,2.16,35.63,22.3918
SN000037,61292.3408,LSST-z,DDF,125.688,11.004,4096,1.0,31.33,2.16,48.17,22.3038,DDF,116.105,10.992,4096,1.0,31.33,2.16,48.17,22.3602
SN000023,61710.1884,LSST-i,DDF,67.679,1.0969,4096,1.0,34.92,1.66,167.8,22.9302,DDF,69.7572,1.0979,4096,1.0,34.92,1.66,167.8,22.8693
SN000023,61710.1981,LSST-r,DDF,49.9159,0.69134,4096,1.0,35.01,1.56,119.5,23.2077,DDF,53.2482,0.69372,4096,1.0,35.01,1.56,119.5,23.1906
SN000023,61710.2131,LSST-z,DDF,72.2335,1.6503,4096,1.0,34.79,1.56,241.9,22.8826,DDF,75.6227,1.6515,4096,1.0,34.79,1.56,241.9,22.826
SN000023,61711.1235,LSST-r,DDF,49.2822,3.1795,4096,1.0,31.74,1.57,26.94,23.2182,DDF,54.8353,3.197,4096,1.0,31.74,1.57,26.94,23.2058
SN000023,61711.1474,LSST-i,DDF,63.7665,4.8137,4096,1.0,31.66,1.61,37.73,22.9286,DDF,67.0471,4.8211,4096,1.0,31.66,1.61,37.73,22.8698
SN000023,61712.1033,LSST-i,DDF,63.0851,5.1076,4096,1.0,31.65,1.63,39.32,22.9313,DDF,69.2871,5.1209,4096,1.0,31.65,1.63,39.32,22.8767
SN000022,61451.1071,LSST-Y,DDF,66.6647,28.868,0,1.0,30.15,1.95,47.78,22.7647,DDF,101.267,28.92,0,1.0,30.15,1.95,47.78,22.7973
SN000022,61452.0485,LSST-i,DDF,98.4912,2.5488,4096,1.0,34.17,2.35,140.1,22.536,DDF,94.1679,2.547,4096,1.0,34.17,2.35,140.1,22.5762
SN000022,61452.0677,LSST-Y,DDF,74.3589,8.9418,4096,1.0,32.6,1.98,139.1,22.7611,DDF,53.2324,8.931,4096,1.0,32.6,1.98,139.1,22.7877
SN000022,61452.0773,LSST-z,DDF,103.477,3.1682,4096,1.0,34.02,1.91,187.3,22.5067,DDF,99.8466,3.1668,4096,1.0,34.02,1.91,187.3,22.5472
SN000022,61453.0232,LSST-z,DDF,81.806,17.135,0,1.0,31.35,2.53,65.98,22.4892,DDF,82.7628,17.136,0,1.0,31.35,2.53,65.98,22.5223
SN000022,61455.137,LSST-z,DDF,104.58,19.56,0,1.0,31.26,2.64,66.42,22.4769,DDF,87.69,19.547,4096,1.0,31.26,2.64,66.42,22.4899
SN000022,61455.1608,LSST-Y,DDF,180.789,59.352,0,1.0,29.92,2.96,52.4,22.7654,DDF,170.935,59.343,0,1.0,29.92,2.96,52.4,22.7596
SN000022,61457.0993,LSST-Y,DDF,112.248,16.721,0,1.0,31.65,2.05,104.7,22.7867,DDF,111.246,16.721,0,1.0,31.65,2.05,104.7,22.7515
SN000022,61460.1337,LSST-i,DDF,96.7626,3.5558,4096,1.0,34.07,2.38,177.3,22.544,DDF,95.4155,3.5554,4096,1.0,34.07,2.38,177.3,22.5099
SN000022,61460.1529,LSST-Y,DDF,79.3898,14.572,0,1.0,32.33,2.26,155.2,22.8595,DDF,70.784,14.568,0,1.0,32.33,2.26,155.2,22.7719
SN000022,61460.1625,LSST-z,DDF,102.171,5.2448,4096,1.0,33.91,2.3,234.5,22.5709,DDF,90.8696,5.2418,4096,1.0,33.91,2.3,234.5,22.5245
SN000020,61050.1138,LSST-i,DDF,80.17,1.5576,4096,1.0,34.16,1.73,112.9,22.7675,DDF,76.6992,1.5552,4096,1.0,34.16,1.73,112.9,22.7554
SN000020,61050.133,LSST-Y,DDF,73.711,6.2818,4096,1.0,32.63,1.48,133.8,22.8588,DDF,87.6441,6.2917,4096,1.0,32.63,1.48,133.8,22.8344
SN000020,61050.1426,LSST-z,DDF,79.7682,2.2344,4096,1.0,34.03,1.49,169.7,22.7431,DDF,79.7495,2.2343,4096,1.0,34.03,1.49,169.7,22.7425
SN000020,61058.1074,LSST-i,DDF,89.3404,1.5089,4096,1.0,34.15,1.63,114.1,22.6382,DDF,90.9959,1.5101,4096,1.0,34.15,1.63,114.1,22.6296
SN000020,61059.0688,LSST-z,DDF,92.5971,2.6817,4096,1.0,34.04,1.87,164.5,22.6001,DDF,88.173,2.6797,4096,1.0,34.04,1.87,164.5,22.6279
SN000020,61062.0417,LSST-i,DDF,86.3003,4.6129,4096,1.0,31.68,1.47,39.76,22.6877,DDF,82.2174,4.6035,4096,1.0,31.68,1.47,39.76,22.6869
SN000020,61062.0547,LSST-z,DDF,90.4689,7.1114,4096,1.0,31.34,1.4,47.93,22.669,DDF,83.0234,7.0962,4096,1.0,31.34,1.4,47.93,22.7124
SN000021,60896.3606,LSST-Y,DDF,80.1085,14.295,0,1.0,31.0,1.39,72.3,22.8147,DDF,63.1254,14.271,0,1.0,31.0,1.39,72.3,22.8078
